{
	"DIRECTORY":"Templates/HotSpexTemplates/",
	"MAPING":{		
		"TERMS":{
			"HCATEGORY":"CATEGORY"
		},
		"VALUES":{
			"CATEGORY":{
				"US_AirCare"                      :   "US_AirCare",
				"US_PersonalCare_APDO"            :   "US_PersonalCare_APDO",         
				"US_PersonalCare_PCC"             :   "US_PersonalCare_PCC",          
				"US_Fabric_Laundry"               :   "US_Fabric_Laundry",             
				"US_Fabric_Fabric_Enhancer"       :   "US_Fabric_Fabric_Enhancer",     
				"US_Baby_Care"                    :   "US_Baby_Care",                    
				"US_Hair_Care"                    :   "US_Hair_Care",                    
				"US_Toothbrush"                   :   "US_Toothbrush",                   
				"US_Cough_Cold_Flu"               :   "US_Cough_Cold_Flu",           
				"US_Bath_Tissue"			      :   "US_Bath_Tissue",
				"US_Skin_Care"                    :   "US_Skin_Care",                    
				"US_Toothpaste"				      :   "US_Toothpaste",
				"US_Grooming"                     :   "US_Grooming",        
                "297":"US_Fabric_Laundry",
                "298":"US_Fabric_Fabric_Enhancer",
                "300":"US_Baby_Care",
                "301":"US_Baby_Care",
                "302":"US_Hair_Care",
                "304":"US_Bath_Tissue",
                "306":"US_Grooming",
                "307":"US_Grooming",
                "309":"US_AirCare",
                "311":"US_Skin_Care",
                "311":"US_Skin_Care",
                "312":"US_Skin_Care",
                "314":"US_Toothbrush",
                "315":"US_Toothpaste",
                "317":"US_PersonalCare_APDO",
                "318":"US_PersonalCare_PCC",
                "319":"US_Cough_Cold_Flu",
				"US Air Care"                     :   "US_AirCare",
				"US Personal Care (APDO)"         :   "US_PersonalCare_APDO",         
				"US Personal Care (PCC)"          :   "US_PersonalCare_PCC",          
				"US Fabric - Laundry"             :   "US_Fabric_Laundry",             
				"US Fabric - Fabric Enhancer"     :   "US_Fabric_Fabric_Enhancer",     
				"US Baby Care"                    :   "US_Baby_Care",                    
				"US Hair Care"                    :   "US_Hair_Care",                    
				"US Toothbrush"                   :   "US_Toothbrush",                   
				"US Cough, Cold, & Flu"           :   "US_Cough_Cold_Flu",           
				"US Bath Tissue"                  :   "US_Bath_Tissue",
				"US Skin Care"                    :   "US_Skin_Care",                    
				"US Toothpaste"                   :   "US_Toothpaste",
				"US Grooming"                     :   "US_Grooming"                     
			}
		}
	},
	"VALUES":[
		{"NAME":"INTVAL", "VALUE":"20", "INCREMENTONUSE":"1"},
		{"NAME":"PSHCLIENTSPECSXTIMEFRAME", "VALUE":"6 months"}
	],
	"SECTIONMAP":[
		{"SECTION":"Start", "FILE":"Start.xml"},	
		{"SECTION":"AgeGender", "FILE":"AgeGender.xml"},
		{"SECTION":"AgeRange1", "FILE":"AgeRange1.xml", "REQUIREMENTS":{"CATEGORY":["US_AirCare","US_PersonalCare_APDO","US_PersonalCare_PCC","US_Fabric_Laundry","US_Fabric_Fabric_Enhancer","US_Baby_Care","US_Toothbrush","US_Cough_Cold_Flu","US_Bath_Tissue","US_Toothpaste","US_Grooming"]}},
		{"SECTION":"AgeRange2", "FILE":"AgeRange2.xml", "REQUIREMENTS":{"CATEGORY":["US_Hair_Care","US_Skin_Care"]}},
		
		{"SECTION":"Country", "REQUIREMENTS":{"CATEGORY":["US_AirCare","US_PersonalCare_APDO","US_PersonalCare_PCC"]},  "FILE":"Country.xml",
			"CHOICE":[
				{"CODE":"7",  "LABEL":"Canada"},
				{"CODE":"35", "LABEL":"United States"},
				{"CODE":"19", "LABEL":"Mexico"},
				{"CODE":"37", "LABEL":"Other", "FIXED":1}
			],
			"TERM":"not(DM7.r35)"
		},
		{"SECTION":"Country", "REQUIREMENTS":{"CATEGORY":["US_Fabric_Laundry", "US_Fabric_Fabric_Enhancer","US_Toothpaste","US_Grooming"]},  "FILE":"Country.xml",
			"CHOICE":[
				{"CODE":"7",  "LABEL":"Canada"},
				{"CODE":"35", "LABEL":"United States"},
				{"CODE":"19", "LABEL":"Mexico"},
				{"CODE":"34", "LABEL":"United Kingdom"},
				{"CODE":"37", "LABEL":"Other", "FIXED":1}
			],
			"TERM":"not(DM7.r35)"
		},
		{"SECTION":"Country", "REQUIREMENTS":{"CATEGORY":["US_Baby_Care"]}, "FILE":"Country.xml",
			"CHOICE":[
				{"CODE":"7",  "LABEL":"Canada"},
				{"CODE":"35", "LABEL":"United States"},
				{"CODE":"19",  "LABEL":"Mexico"},
				{"CODE":"12", "LABEL":"France"},
				{"CODE":"37", "LABEL":"Other", "FIXED":1}
			],
			"TERM":"not(DM7.r35)"
		},
		{"SECTION":"Country", "REQUIREMENTS":{"CATEGORY":["US_Hair_Care"]},  "FILE":"Country.xml",
			"CHOICE":[
				{"CODE":"35",  "LABEL":"United States"},
				{"CODE":"7",   "LABEL":"Canada"},
				{"CODE":"34",  "LABEL":"United Kingdom"},
				{"CODE":"19",  "LABEL":"Mexico"},
				{"CODE":"12",  "LABEL":"France"},
				{"CODE":"13",  "LABEL":"Germany"},
				{"CODE":"28",  "LABEL":"Spain"},
				{"CODE":"37",  "LABEL":"Other", "FIXED":1}
			],
			"TERM":"not(DM7.r35)"
		},
		{"SECTION":"Country", "REQUIREMENTS":{"CATEGORY":["US_Toothbrush"]},  "FILE":"Country.xml",
			"CHOICE":[
				{"CODE":"7",   "LABEL":"Canada"},
				{"CODE":"34",  "LABEL":"United Kingdom"},
				{"CODE":"35",  "LABEL":"United States"},
				{"CODE":"13",  "LABEL":"Germany"},
				{"CODE":"12",  "LABEL":"France", "FIXED":1}
			],
			"TERM":"not(DM7.r35)"
		},		
		{"SECTION":"Country", "REQUIREMENTS":{"CATEGORY":["US_Cough_Cold_Flu"]},  "FILE":"Country.xml",
			"CHOICE":[
				{"CODE":"7",  "LABEL":"Canada"},
				{"CODE":"34",  "LABEL":"United Kingdom"},
				{"CODE":"35",  "LABEL":"United States"},
				{"CODE":"13",  "LABEL":"Germany"},
				{"CODE":"12",  "LABEL":"France"},
				{"CODE":"19",  "LABEL":"Mexico", "FIXED":1}
			],
			"TERM":"not(DM7.r35)"
		},			
		{"SECTION":"Country", "REQUIREMENTS":{"CATEGORY":["US_Bath_Tissue","US_Skin_Care"]},  "FILE":"Country.xml",
			"CHOICE":[
				{"CODE":"7",  "LABEL":"Canada"},
				{"CODE":"35", "LABEL":"United States"},
				{"CODE":"19", "LABEL":"Mexico"},
				{"CODE":"37", "LABEL":"Other", "FIXED":1}
			],
			"TERM":"not(DM7.r35)" 
		},
		{"SECTION":"Region", "FILE":"Region_US.xml"},
		{"SECTION":"Ethnicity", "FILE":"Ethnicity.xml"},	
		{"SECTION":"Industry", "REQUIREMENTS":{"CATEGORY":["US_AirCare"]},  "FILE":"Industry.xml",
			"CHOICE":[
				{"CODE":"6",  "LABEL":"A manufacturer, distributer, or seller of air care products"}
			],
			"TERM":"PS1INDUSTRY.r1 or PS1INDUSTRY.r2 or PS1INDUSTRY.r3 or PS1INDUSTRY.r6" 
		},
		{"SECTION":"Industry", "REQUIREMENTS":{"CATEGORY":["US_PersonalCare_APDO"]},  "FILE":"Industry.xml",    
				"CHOICE":[
					{"CODE":"6",  "LABEL":"A manufacturer, distributer, or seller of consumer-packaged goods"}
			],
			"TERM":"PS1IND 5USTRY.r1 or PS1INDUSTRY.r2 or PS1INDUSTRY.r3 or PS1INDUSTRY.r6"
		},		
		{"SECTION":"Industry", "REQUIREMENTS":{"CATEGORY":["US_PersonalCare_PCC"]},  "FILE":"Industry.xml",          
				"CHOICE":[
					{"CODE":"6",  "LABEL":"A manufacturer, distributer, or seller of consumer-packaged goods"}
			],
			"TERM":"PS1INDUSTRY.r1 or PS1INDUSTRY.r2 or PS1INDUSTRY.r3 or PS1INDUSTRY.r6" 
		},		
		{"SECTION":"Industry", "REQUIREMENTS":{"CATEGORY":["US_Fabric_Laundry"]},  "FILE":"Industry.xml",       
				"CHOICE":[
					{"CODE":"6",  "LABEL":"A manufacturer, distributer or seller of laundry products"}
			],
			"TERM":"PS1INDUSTRY.r1 or PS1INDUSTRY.r2 or PS1INDUSTRY.r3 or PS1INDUSTRY.r6"
		},		
		{"SECTION":"Industry", "REQUIREMENTS":{"CATEGORY":["US_Fabric_Fabric_Enhancer"]},  "FILE":"Industry.xml",     
				"CHOICE":[
					{"CODE":"6",  "LABEL":"A manufacturer, distributer or seller of laundry products"}
			],
			"TERM":"PS1INDUSTRY.r1 or PS1INDUSTRY.r2 or PS1INDUSTRY.r3 or PS1INDUSTRY.r6"
		},		
		{"SECTION":"Industry", "REQUIREMENTS":{"CATEGORY":["US_Baby_Care"]},  "FILE":"Industry.xml",                    
				"CHOICE":[
					{"CODE":"6",  "LABEL":"A manufacturer, distributer or seller of baby care products"}
			],
			"TERM":"PS1INDUSTRY.r1 or PS1INDUSTRY.r2 or PS1INDUSTRY.r3 or PS1INDUSTRY.r6" 
		},		
		{"SECTION":"Industry", "REQUIREMENTS":{"CATEGORY":["US_Hair_Care"]},  "FILE":"Industry.xml",                   
				"CHOICE":[
					{"CODE":"6",  "LABEL":"A manufacturer, distributer or seller of hair care products"}
			],
			"TERM":"PS1INDUSTRY.r1 or PS1INDUSTRY.r2 or PS1INDUSTRY.r3 or PS1INDUSTRY.r6" 
		},		
		{"SECTION":"Industry", "REQUIREMENTS":{"CATEGORY":["US_Toothbrush"]},  "FILE":"Industry.xml",                   
				"CHOICE":[
					{"CODE":"6",  "LABEL":"A manufacturer, distributer or seller of oral care products"}
			],
			"TERM":"PS1INDUSTRY.r1 or PS1INDUSTRY.r2 or PS1INDUSTRY.r3 or PS1INDUSTRY.r6" 
		},		
		{"SECTION":"Industry", "REQUIREMENTS":{"CATEGORY":["US_Cough_Cold_Flu"]},  "FILE":"Industry.xml",           
				"CHOICE":[
					{"CODE":"6",  "LABEL":"A manufacturer, distributer or seller of health care products"}
			],
			"TERM":"PS1INDUSTRY.r1 or PS1INDUSTRY.r2 or PS1INDUSTRY.r3 or PS1INDUSTRY.r6" 
		},		
		{"SECTION":"Industry", "REQUIREMENTS":{"CATEGORY":["US_Bath_Tissue"]},  "FILE":"Industry.xml",
				"CHOICE":[
					{"CODE":"6",  "LABEL":"A manufacturer, distributer or seller of household paper products"}
			],
			"TERM":"PS1INDUSTRY.r1 or PS1INDUSTRY.r2 or PS1INDUSTRY.r3 or PS1INDUSTRY.r6"
		},		
		{"SECTION":"Industry", "REQUIREMENTS":{"CATEGORY":["US_Skin_Care"]},  "FILE":"Industry.xml",                    
				"CHOICE":[
					{"CODE":"6",  "LABEL":"A facial skin care product manufacturer, wholesaler, or retailer"}
			],
			"TERM":"PS1INDUSTRY.r1 or PS1INDUSTRY.r2 or PS1INDUSTRY.r3 or PS1INDUSTRY.r6" 
		},		
		{"SECTION":"Industry", "REQUIREMENTS":{"CATEGORY":["US_Toothpaste"]},  "FILE":"Industry.xml",
				"CHOICE":[
					{"CODE":"6",  "LABEL":"A manufacturer, distributer or seller of oral care products "}
			],
			"TERM":"PS1INDUSTRY.r1 or PS1INDUSTRY.r2 or PS1INDUSTRY.r3 or PS1INDUSTRY.r6" 
		},		
		{"SECTION":"Industry", "REQUIREMENTS":{"CATEGORY":["US_Grooming"]},  "FILE":"Industry.xml",      
				"CHOICE":[
					{"CODE":"6",  "LABEL":"A manufacturer, distributer or seller of shaving products"}
			],
			"TERM":"PS1INDUSTRY.r1 or PS1INDUSTRY.r2 or PS1INDUSTRY.r3 or PS1INDUSTRY.r6"
		},		

		{"SECTION":"ProductBrand", "REQUIREMENTS":{"CATEGORY":["US_AirCare"]},                 "FILE":"ProductBrandAirCare.xml"},
		{"SECTION":"ProductBrand", "REQUIREMENTS":{"CATEGORY":["US_PersonalCare_APDO"]},       "FILE":"ProductBrandPersonalCareaAPDO.xml"},		
		{"SECTION":"ProductBrand", "REQUIREMENTS":{"CATEGORY":["US_PersonalCare_PCC"]},        "FILE":"ProductBrandPersonalCarePCC.xml"},		
		{"SECTION":"ProductBrand", "REQUIREMENTS":{"CATEGORY":["US_Fabric_Laundry"]},          "FILE":"ProductBrandFabricLaundry.xml"},		
		{"SECTION":"ProductBrand", "REQUIREMENTS":{"CATEGORY":["US_Fabric_Fabric_Enhancer"]},  "FILE":"ProductBrandFabricEnchancer.xml"},		
		{"SECTION":"ProductBrand", "REQUIREMENTS":{"CATEGORY":["US_Baby_Care"]},               "FILE":"ProductBrandBabyCare.xml"},		
		{"SECTION":"ProductBrand", "REQUIREMENTS":{"CATEGORY":["US_Hair_Care"]},               "FILE":"ProductBrandHairCare.xml"},		
		{"SECTION":"ProductBrand", "REQUIREMENTS":{"CATEGORY":["US_Toothbrush"]},              "FILE":"ProductBrandToothbrush.xml"},		
		{"SECTION":"ProductBrand", "REQUIREMENTS":{"CATEGORY":["US_Cough_Cold_Flu"]},          "FILE":"ProductBrandCoughColdFlu.xml"},		
		{"SECTION":"ProductBrand", "REQUIREMENTS":{"CATEGORY":["US_Bath_Tissue"]},             "FILE":"ProductBrandBathTissues.xml"},		
		{"SECTION":"ProductBrand", "REQUIREMENTS":{"CATEGORY":["US_Skin_Care"]},               "FILE":"ProductBrandSkincare.xml"},		
		{"SECTION":"ProductBrand", "REQUIREMENTS":{"CATEGORY":["US_Toothpaste"]},              "FILE":"ProductBrandToothpaste.xml"},		
		{"SECTION":"ProductBrand", "REQUIREMENTS":{"CATEGORY":["US_Grooming"]},                "FILE":"ProductBrandGrooming.xml"},		
		
		{"SECTION":"Selections", "FILE":"GroupSeelctions.xml"},		

		{"SECTION":"EyespexShelf", "FILE":"EyespexOnShelf.xml"},		

		{"SECTION":"ShopSpex", "FILE":"ShopSpex.xml"},		

		{"SECTION":"TimeFind", "FILE":"TimeFind.xml"},		

		{"SECTION":"EyespexPack", "FILE":"EyespexOnPack.xml"},		

		{"SECTION":"CoreMeasures", "FILE":"CoreMeasures.xml","PS3CATQUALKEYPRODUCT":"Air care products (air fresheners, plug-in diffusers / refills)"},

		{"SECTION":"Personasphere", "FILE":"Personasphere.xml"},
				
		{"SECTION":"Cognisphere", "FILE":"Cognisphere.xml", "REQUIREMENTS":{"CATEGORY":["US_AirCare"]}, "ROWS":[	
		{"LABEL":"Is better for the environment"},
		{"LABEL":"Is better for society"},
		{"LABEL":"Is better for my health"},
		{"LABEL":"Is worth paying more for than other competing brands"},
		{"LABEL":"Has a sleek, stylish product design"},
		{"LABEL":"Is made with recycled material"},
		{"LABEL":"Makes premium products"},
		{"LABEL":"Makes top quality products"},
		{"LABEL":"Is a brand that I recommend"},
		{"LABEL":"Is a progressive brand"},
		{"LABEL":"Is a brand I trust"},
		{"LABEL":"Is for someone like me"},
		{"LABEL":"Is a brand that shares my values"}
		]},	
		{"SECTION":"Cognisphere", "FILE":"Cognisphere.xml", "REQUIREMENTS":{"CATEGORY":["US_PersonalCare_APDO"]}, "ROWS":[	   
		{"LABEL":"Is better for the environment"},
		{"LABEL":"Is better for society"},
		{"LABEL":"Is better for my health"},
		{"LABEL":"Is worth paying more for than other competing brands"},
		{"LABEL":"Has a sleek, stylish product design"},
		{"LABEL":"Is made with recycled material"},
		{"LABEL":"Makes premium products"},
		{"LABEL":"Makes top quality products"},
		{"LABEL":"Is a brand that I recommend"},
		{"LABEL":"Is a progressive brand"},
		{"LABEL":"Is a brand I trust"},
		{"LABEL":"Is for someone like me"},
		{"LABEL":"Is a brand that shares my values"}
		]},			
		{"SECTION":"Cognisphere", "FILE":"Cognisphere.xml", "REQUIREMENTS":{"CATEGORY":["US_PersonalCare_PCC"]}, "ROWS":[	
		{"LABEL":"It is a modern / up-to-date brand"},
		{"LABEL":"It is high quality"},
		{"LABEL":"It is a premium product"},
		{"LABEL":"It is for someone like me"},
		{"LABEL":"It is worth paying more for"},
		{"LABEL":"It makes me feel confident"},
		{"LABEL":"It does not contain any unnecessary ingredients"},
		{"LABEL":"It provides a fresh scent"},
		{"LABEL":"It is made with real ingredients"},
		{"LABEL":"It is enjoyable to use"},
		{"LABEL":"It has a subtle scent"},
		{"LABEL":"It is a natural product"},
		{"LABEL":"It is better for me"},
		{"LABEL":"It has a scent I like"},
		{"LABEL":"It is gentle on skin"},
		{"LABEL":"It provides effective cleansing"}
		]},	
		{"SECTION":"Cognisphere", "FILE":"Cognisphere.xml", "REQUIREMENTS":{"CATEGORY":["US_Fabric_Laundry"]}, "ROWS":[		  
		{"LABEL":"Deliver long lasting freshness "},
		{"LABEL":"Keep clothes looking newer longer "},
		{"LABEL":"Gentle on skin "},
		{"LABEL":"The packaging looks stylish "},
		{"LABEL":"The packaging design is beautiful "},
		{"LABEL":"Good value for the money "},
		{"LABEL":"Worth paying more for "},
		{"LABEL":"I would recommend this brand to others "},
		{"LABEL":"Leave my clothes smelling fresh "},
		{"LABEL":"Gives my laundry a scent I love "},
		{"LABEL":"Has the intensity of scent I prefer "},
		{"LABEL":"Offers benefits I need "},
		{"LABEL":"It is a high-quality product "},
		{"LABEL":"It is a premium product "}
		]},	
		{"SECTION":"Cognisphere", "FILE":"Cognisphere.xml", "REQUIREMENTS":{"CATEGORY":["US_Fabric_Fabric_Enhancer"]}, "ROWS":[			      
		{"LABEL":"Delivers long lasting freshness "},
		{"LABEL":"Keeps clothes looking newer longer "},
		{"LABEL":"Gentle on skin "},
		{"LABEL":"Excellent at making fabrics more comfortable to wear "},
		{"LABEL":"Offer softness that I prefer "},
		{"LABEL":"Are new and different "},
		{"LABEL":"The packaging looks stylish "},
		{"LABEL":"The packaging design is beautiful "},
		{"LABEL":"Good value for the money "},
		{"LABEL":"Worth paying more for "},
		{"LABEL":"I would recommend this brand to others "},
		{"LABEL":"Leave my clothes smelling fresh "},
		{"LABEL":"Gives my laundry a scent I love "},
		{"LABEL":"Has the intensity of scent I prefer "},
		{"LABEL":"Offers benefits I need "},
		{"LABEL":"Keeps my fabrics soft and smooth"},
		{"LABEL":"Prevents malodors"},
		{"LABEL":"Protects my fabrics from damage like stretching, fading or fuzzing"},
		{"LABEL":"Protects and cares for the appearance of fabrics better than other brand"}
		]},	
		{"SECTION":"Cognisphere", "FILE":"Cognisphere.xml", "REQUIREMENTS":{"CATEGORY":["US_Baby_Care"]}, "ROWS":[			
		{"LABEL":"Are a good value for money"},
		{"LABEL":"Have an appealing, modern design"},
		{"LABEL":"Easy to read and understand "},
		{"LABEL":"I can easily tell the different benefits for each version"},
		{"LABEL":"Are high quality products"},
		{"LABEL":"Are good for babies skin"},
		{"LABEL":"Have the protection I need/want"},
		{"LABEL":"Are the number one brand"},
		{"LABEL":"Are recommended by pediatricians"},
		{"LABEL":"Locks wetness for 12 hours"},
		{"LABEL":"Have safe ingredients/materials for my baby"},
		{"LABEL":"Are the best diaper for my baby"},
		{"LABEL":"Are a high quality packages"},
		{"LABEL":"Is the best diaper for my baby"},
		{"LABEL":"Have benefits that justify the price "},
		{"LABEL":"Provides the best protection for my baby's skin"},
		{"LABEL":"Helps keep my baby dry, even overnight"},
		{"LABEL":"Will fit my baby's unique shape  OR Tells me the diaper will fit well"},
		{"LABEL":"Best leakage protection"},
		{"LABEL":"Allows my baby to move more freely"},
		{"LABEL":"Softest diaper for my baby"},
		{"LABEL":"Are environmentally friendly"},
		{"LABEL":"Baby on pack tells me I am buying right diaper for the stage my baby is in"},
		{"LABEL":"Are worth paying more for"},
		{"LABEL":"Are premium diapers"}
		]},	
		{"SECTION":"Cognisphere", "FILE":"Cognisphere.xml", "REQUIREMENTS":{"CATEGORY":["US_Hair_Care"]}, "ROWS":[	 
		{"LABEL":"Is a modern / up-to-date brand"},
		{"LABEL":"Is high quality"},
		{"LABEL":"Is a premium product"},        
		{"LABEL":"Is for someone like me"},       
		{"LABEL":"Is worth paying more for"},       
		{"LABEL":"Leaves my hair looking beautiful"},
		{"LABEL":"Is an exciting brand"},
		{"LABEL":"Is superior to similar products"},
		{"LABEL":"Provides good value for my money"},     
		{"LABEL":"Is a natural product"},
		{"LABEL":"Contains natural ingredients"},
		{"LABEL":"Improves the health of my hair"},
		{"LABEL":"Is an organic product."},
		{"LABEL":"Is simple and easy to understand"},
		{"LABEL":"Is a brand I can trust"},
		{"LABEL":"Is good for my hair"},
		{"LABEL":"Does not have harsh chemicals"},
		{"LABEL":"Nourishes my hair"},
		{"LABEL":"Is a sustainable and planet friendly product"},
		{"LABEL":"Is beautiful"},
		{"LABEL":"Is a product I would be proud of buying"}
		]},	
		{"SECTION":"Cognisphere", "FILE":"Cognisphere.xml", "REQUIREMENTS":{"CATEGORY":["US_Toothbrush"]}, "ROWS":[	 
		{"LABEL":"Is an effective product"},
		{"LABEL":"Is worth paying more for"},
		{"LABEL":"Would provide a deep clean"},
		{"LABEL":"Would remove stains on teeth"},
		{"LABEL":"Is new and different"},
		{"LABEL":"The packaging is beautiful"},
		{"LABEL":"I would recommend this brand to others"},
		{"LABEL":"Is gentle on teeth"},
		{"LABEL":"Is a premium product"},
		{"LABEL":"I cannot find this benefit in any other product"},
		{"LABEL":"Takes care of gums in a better way vs. other existing products"},
		{"LABEL":"The packaging makes it easy to know what I am buying"},
		{"LABEL":"Is modern"},
		{"LABEL":"Is a product with an advanced technology"}
		]},	
		{"SECTION":"Cognisphere", "FILE":"Cognisphere.xml", "REQUIREMENTS":{"CATEGORY":["US_Cough_Cold_Flu"]}, "ROWS":[	
		{"LABEL":"Relieves cough"},
		{"LABEL":"Relieves nasal congestion"},
		{"LABEL":"Relieves chest congestion"},
		{"LABEL":"Allows me to breathe freely"},
		{"LABEL":"Treats cold symptoms"},
		{"LABEL":"Treats flu symptoms"},
		{"LABEL":"Provides comforting relief"},
		{"LABEL":"Provides soothing relief"},
		{"LABEL":"Helps me sleep (with a cold)"},
		{"LABEL":"Naturally heals my body"},
		{"LABEL":"Is fast-acting"},
		{"LABEL":"Is long-lasting"},
		{"LABEL":"Provides complete relief"},
		{"LABEL":"Provides powerful relief"},
		{"LABEL":"Is drug free"},
		{"LABEL":"Contains natural ingredients"},
		{"LABEL":"Contains menthol"},
		{"LABEL":"Is easy to use"},
		{"LABEL":"Contains medicinal ingredients"},
		{"LABEL":"Is good value for the money"}
		]},	
		{"SECTION":"Cognisphere", "FILE":"Cognisphere.xml", "REQUIREMENTS":{"CATEGORY":["US_Bath_Tissue"]}, "ROWS":[			      
		{"LABEL":"Is better for the environment"},
		{"LABEL":"Is better for society"},
		{"LABEL":"Is better for my health"},
		{"LABEL":"Is worth paying more for than other competing brands"},
		{"LABEL":"Has a sleek, stylish product design"},
		{"LABEL":"Is made with recycled material"},
		{"LABEL":"Makes premium products"},
		{"LABEL":"Makes top quality products"},
		{"LABEL":"Is a brand that I recommend"},
		{"LABEL":"Is a progressive brand"},
		{"LABEL":"Is a brand I trust"},
		{"LABEL":"Is for someone like me"},
		{"LABEL":"Is a brand that shares my values"}
		]},
		{"SECTION":"Cognisphere", "FILE":"Cognisphere.xml", "REQUIREMENTS":{"CATEGORY":["US_Skin_Care"]}, "ROWS":[
		{"LABEL":"Is better for the environment"},
		{"LABEL":"Is better for society"},
		{"LABEL":"Is better for my health"},
		{"LABEL":"Is worth paying more for than other competing brands"},
		{"LABEL":"Has a sleek, stylish product design"},
		{"LABEL":"Is made with recycled material"},
		{"LABEL":"Makes premium products"},
		{"LABEL":"Makes top quality products"},
		{"LABEL":"Is a brand that I recommend"},
		{"LABEL":"Is a progressive brand"},
		{"LABEL":"Is a brand I trust"},
		{"LABEL":"Is for someone like me"},
		{"LABEL":"Is a brand that shares my values"}
		]},		
		{"SECTION":"Cognisphere", "FILE":"Cognisphere.xml", "REQUIREMENTS":{"CATEGORY":["US_Toothpaste"]}, "ROWS":[	 
		{"LABEL":"Cleans my teeth better than other brands  "},
		{"LABEL":"Makes my teeth whiter than other brands "},
		{"LABEL":"Provides superior cavity protection "},
		{"LABEL":"Worth paying more for"},
		{"LABEL":"Good value for the money"},
		{"LABEL":"Provides advanced oral care solutions inspired by dental professionals"},
		{"LABEL":"Makes teeth stronger"},
		{"LABEL":"Makes gums healthier"},
		{"LABEL":"Helps strengthen enamel"},
		{"LABEL":"Is an innovative product"},
		{"LABEL":"Provides an enjoyable product experience "},
		{"LABEL":"Most recommended by dental professionals"},
		{"LABEL":"Protects teeth and gums from bad bacteria "},
		{"LABEL":"Provides proactive protection to prevent future oral health problems "},
		{"LABEL":"Stops bleeding gums "},
		{"LABEL":"Relieves sensitive teeth"},
		{"LABEL":"Protects against sensitive teeth"},
		{"LABEL":"Leaves mouth feeling fresher than other toothpaste products"},
		{"LABEL":"Is from a brand I trust"},
		{"LABEL":"Is an effective product"},
		{"LABEL":"Offers more benefits in one toothpaste than any other toothpaste "},
		{"LABEL":"Package is easy to read"},
		{"LABEL":"Is a premium product"},
		{"LABEL":"Would address all of my oral health needs"},
		{"LABEL":"Package effectively communicates what oral care benefits are provided"},
		{"LABEL":"Provides a professional-level clean "},
		{"LABEL":"Removes stains from teeth"}
		]},	
		{"SECTION":"Cognisphere", "FILE":"Cognisphere.xml", "REQUIREMENTS":{"CATEGORY":["US_Grooming"]}, "ROWS":[			          
		{"LABEL":"Gives the safest shave"},
		{"LABEL":"Gives the closest shave"},
		{"LABEL":"Gives the most comfortable grooming experience"},
		{"LABEL":"Leaves skin looking and feeling smooth"},
		{"LABEL":"Is best for sensitive skin"},
		{"LABEL":"Gives the longest lasting grooming results"},
		{"LABEL":"Helps prevent razor bumps and ingrown hair"},
		{"LABEL":"Is better for the environment"},
		{"LABEL":"Is better for society"},
		{"LABEL":"Gives me control when I shave "},
		{"LABEL":"Worth paying more for"},
		{"LABEL":"Leaves skin moisturized"}, 
		{"LABEL":"Looks good on my sink"},
		{"LABEL":"Sleek, stylish product design"}, 
		{"LABEL":"Has the longest lasting blades"},
		{"LABEL":"Has a pivoting head to contour to face/skin"},
		{"LABEL":"Is made with a handle that's easy to grip"},
		{"LABEL":"Contains lubrication to glide over skin"},
		{"LABEL":"Made with recycled material "},
		{"LABEL":"Product is recyclable"}, 
		{"LABEL":"Package is recyclable"}, 
		{"LABEL":"5 blades for closest shave "},
		{"LABEL":"Makes simple, straightforward grooming products"},
		{"LABEL":"Makes premium, top quality grooming products"},
		{"LABEL":"Makes it easier to select my grooming products"}, 
		{"LABEL":"Offers a more convenient way to access grooming products"},
		{"LABEL":"Would be beneficial for my skin"},
		{"LABEL":"Would exfoliate my skin"},
		{"LABEL":"Offers a more convenient way to buy and receive grooming products"}
		]},	
		{"SECTION":"GroomingExtra", "REQUIREMENTS":{"CATEGORY":["US_Grooming"]},  "FILE":"GroomingExtraA.xml"},
		{"SECTION":"ToothBrushExtra", "REQUIREMENTS":{"CATEGORY":["US_Toothbrush"]},  "FILE":"ToothBrushExtraA.xml"},
		{"SECTION":"ClickSpex", "FILE":"ClickSpex.xml"},
		
		{"SECTION":"Demographics", "FILE":"Demographics.xml"},
		{"SECTION":"End", "FILE":"End.xml"}
	]
}





		











